soil;Pseudochloris;Entransia;Targionia;Prototheca;Aureococcus;Lophocolea;Nyholmiella;Nowellia;Euhalothece;Dicranum;Takakia;Microchaete;Weymouthia;Odontella;Chroomonas;Phormidium;Mnium;Strombomonas;Auxenochlorella;Gracilariopsis;Wildemania;Reboulia;Pleurochaete;Aneura;Mamiella;Karlodinium;Ricciocarpos;Pycnococcus;Guillardia;Physcomitrella;Discoplastis;Hafniomonas;Mychonastes;Aureoumbra;Cyclotella;Mastigocladopsis;Plagiochila;Oocystis;Heterophyllium;Buxbaumia;Sargassum;Characiochloris;Chloroidium;Leucobryum;Leptolyngbya;Porphyra;Syntrichia;Mantoniella;Prasinoderma;Ptychomitrium;Cylindrotheca;Lobosphaera;Calypogeia;Monomastix;Chlorokybus;Gonatozygon;Symbiochloris;Dicranella;Interfilum;Rhizosolenia;Chlorella;Sphaerocarpos;prasinophytes;Bangia;Tetraplodon;Oscillatoria;Eunotia;Neochloris;Saccharina;Tessellaria;Geitlerinema;Heterosigma;Calothrix;Roya;Elliptochloris;Dolichomastix;Zygnemopsis;Fissidens;Kamptonema;Chaetosphaeridium;Odontoschisma;Ostreobium;Brachythecium;Phaeoceros;Chamaesiphon;Dolichospermum;Pleurocapsa;Pseudochlorella;Cyanoptyche;Cymbomonas;Chloromonas;Symphyogyna;Crustomastix;Lobochlamys;Lithodesmium;Treubia;Spirulina;Tylimanthus;Tolypothrix;Marsupella;Pellia;Roundia;Undaria;Lunularia;Trebouxiophyceae;Planotaenium;Colacium;Leptosira;Lepicolea;Nodularia;Ptilidium;Synura;Grimmia;Bambusina;Pyramimonas;Moorea;Pedinomonas;Cosmarium;Chondrus;Nostochopsis;Planctonema;Stichococcus;Emiliania;Planktothricoides;Coleochaete;Scytonema;Orthotrichum;Chlorogonium;Monoraphidium;Hedwigia;Lyngbya;Watanabea;Paulinella;Chlorococcum;Pabia;Floydiella;Plagiothecium;Prasiolopsis;Geminocystis;Partenskyella;Haematococcus;Climacium;Chromochloris;Alveolata;Uronema;Pallavicinia;Choricystis;Nitzschia;Dictyochloropsis;Chara;Synechocystis;Lepidozia;Didymosphenia;Candidatus;Asterionellopsis;Spirogyra;Heterococcus;Trachydiscus;Prymnesium;Bryum;Dumortiera;Hydrodictyon;Coeloseira;Glaucocystis;Bryoxiphium;Megaceros;Heterochlorella;Micromonas;Botryococcus;Gonium;Dangeardinia;Bartramia;Hymenostylium;Spinoclosterium;Chromera;Penium;Microcystis;Riccia;Euglenaria;Vaucheria;Leptobryum;Choreocolax;Chamaetrichon;Conocephalum;Asterionella;Tetraphis;Crinalium;Spondylosium;Lotharella;Ulnaria;Peridiniopsis;Costaria;Fusochloris;Frullania;Rubidibacter;Plectonema;Prochlorothrix;Oligotrichum;Plagioselmis;Porphyridium;Gymnochlora;Blasia;Gloeocapsa;Rebecca;Trichodesmium;Thermosynechococcus;Triparma;Sphagnum;Galdieria;Micrasterias;Metzgeria;Tetraselmis;Ankistrodesmus;Pyropia;Chaetoceros;Zygogonium;Aliterella;Fontinalis;Thamnobryum;Golenkinia;Ceratodon;Chlorosarcina;Fistulifera;Nostoc;Koliella;Dunaliella;Sphaerozosma;Pseudoscourfieldia;Andreaea;Trichosarcina;Haplotaenium;Netrium;Cheilolejeunea;Hypnum;Xenococcus;Xylochloris;Euglenaformis;Nothoceros;Porella;Gelidium;Compsopogon;Pantanalinema;Geminella;Riccardia;Bazzania;Lophozia;Nephroselmis;Pseudanabaena;Prochloron;Coscinodiscus;Bathycoccus;Sporolithon;Rivularia;Pseudoperonospora;Rhizogonium;Thuidium;Chlorogloeopsis;Resultomonas;Gloeotilopsis;Marchantia;Tydemania;Picochlorum;Ulva;Bigelowiella;Pogonatum;Cryptomonas;Pseudo_nitzschia;Mylia;Prochlorococcus;Triploceras;Hapalosiphon;Calliarthron;Leptocylindrus;Klebsormidium;Mesostigma;Friedmannia;Neocystis;Apopellia;Trachelomonas;Acaryochloris;Radula;Hyella;Ochromonas;Lyellia;Meiotrichum;Marvania;Cyanidioschyzon;Schistochila;Grateloupia;Prasinococcus;Closterium;Microthamnion;Laurencia;Nardia;Chroococcidiopsis;Dendroceros;Dicloster;Bryopsis;Polytrichum;Pelagomonas;Parachlorella;Marsupiomonas;Cyanobacterium;Bracteacoccus;Gloeobacter;Gracilaria;Paradoxia;Polytrichastrum;Pseudendoclonium;Euastrum;Stephanosphaera;Trichocolea;Cylindrospermopsis;Schizomeris;Scherffelia;Fischerella;Carteria;Cyanidium;Exanthemachrysis;Phacus;Diphyscium;Mesotaenium;Coccomyxa;Monomorphina;Oogamochlamys;Mastigocladus;Trichormus;Aphanizomenon;Planktothrix;Parapediastrum;Pseudomuriella;Hylocomium;Trebouxia;Fossombronia;Raphidiopsis;Cyanophora;Cyanobium;Lepidogyna;Fottea;Nucleotaenium;Notothylas;Ettlia;Gloeothece;Cololejeunea;Rhodosorus;Jenufa;Volvox;Anthoceros;Arthrospira;Phacotus;Lepidodinium;Synechococcus;Anomodon;Leiosporoceros;Verdigellas;Desmochloris;Pavlova;Leucodon;Treubaria;Hydrocoryne;Pterosperma;Fucus;Rhodomonas;Monoclea;Palmaria;Thalassiosira;Scapania;Cryptoglena;Oedogonium;Euglena;Macrochaete;Myurium;Blepharostoma;Spermatozopsis;Ectocarpus;Myrmecia;Staurodesmus;Phaeocystis;Prasiola;Vertebrata;Chrysosporum;Andreaeobryum;Trichocoleopsis;Eutreptiella;Myxosarcina;Poterioochromonas;Corsinia;Dilabifilum;Hookeria;Pylaiella;Archidium;Sanionia;Cyanothece;Kryptoperidinium;Acutodesmus;Richelia;Ankyra;Microcoleus;Nodosilinea;Coleofasciculus;Xanthidium;Chromulina;Teleaulax;Picocystis;Chlorotetraedron;Durinskia;Zygnema;Actinotaenium;Nitella;Stigeoclonium;Chrysochromulina;Cerataulina;Cylindrocystis;Mastigocoleus;Riella;Stanieria;Oltmannsiellopsis;Phaeodactylum;Lejeunea;Oedipodium;Lepocinclis;Koliella;Anabaena;Helicosporidium;Hymenophyton;Cylindrospermum;Dactylococcopsis;Notoscyphus;Acrosiphonia;Scourfieldia;Halothece;Haplomitrium;Pleodorina;Gymnodinium;Ignatius;Mougeotia;Wollea;Mallomonas;Staurastrum;Nannochloropsis;Eutreptia;Kirchneriella;Atrichum;Gloeocapsopsis;Chlamydomonas;Solenostoma;Crocosphaera;Ostreococcus;Unknown;Unclassified;Environmental
DBZ1;0;38;0;0;0;0;0;0;0;0;1;0;0;0;0;0;0;0;16;0;0;0;0;0;0;0;0;0;0;0;0;0;0;0;0;0;0;0;0;0;138;5;0;1;31;2;112;0;0;0;3;28;0;0;0;0;0;0;0;0;3983;0;0;0;0;3;8649;0;3;0;3;0;1;0;8;0;0;0;4;0;0;0;0;0;0;0;1;0;0;0;313;0;0;0;0;0;0;0;0;0;0;1;0;0;0;0;0;0;0;0;0;35;0;0;0;0;7;0;0;0;0;0;0;0;0;0;0;0;0;0;8;2;0;62;0;0;0;216;0;0;0;0;46;0;0;0;0;0;0;0;3;0;105;0;0;0;0;0;2;521;0;0;0;0;0;0;0;0;1;0;59;0;0;0;0;0;0;0;0;3556;0;0;471;0;0;29;12;0;0;0;0;0;190;0;0;0;32;0;0;6;0;0;0;0;0;0;0;0;0;0;0;0;0;0;0;0;0;0;0;0;0;0;74;90;0;0;0;0;0;74;0;0;0;0;0;7;0;0;0;0;0;0;0;0;0;0;0;3;0;0;0;0;0;0;0;0;0;1;3;0;0;1432;0;0;0;20;0;0;91;0;0;0;0;244;0;0;1174;0;0;5;0;0;3;0;0;232;0;0;0;0;0;0;0;0;14;0;35;0;0;0;0;0;0;451;0;0;0;0;268;0;0;0;0;0;9;0;12;0;0;0;0;11;0;0;47;0;0;0;0;0;72;0;2;0;0;1;0;0;2;0;0;1939;0;0;0;0;0;0;0;0;0;6;0;0;0;8;0;0;9;0;0;0;1;0;0;0;0;0;0;0;0;0;0;0;14;0;0;0;0;0;0;0;0;0;0;0;0;0;1;720;0;0;12;875;160;0;0;41;61;0;0;0;0;0;2;0;0;4;0;0;0;0;67;0;0;0;1;63;0;85;0;0;3;0;0;2;0;0;0;0;0;0;78;0;0;0;0;3;0;218;0;0;0;0;839;0;0;0;2;1802;0
DBZ2;0;0;0;0;0;0;0;0;0;0;0;0;0;0;0;0;0;0;7;0;0;0;0;0;0;0;0;0;0;0;0;0;0;0;0;0;0;0;0;0;78;4;0;1;421;2;156;0;0;0;2;20;0;0;0;0;0;0;0;0;4009;0;0;0;0;2;7123;0;3;0;0;0;0;0;6;0;0;0;33;0;0;0;0;0;0;0;1;0;0;0;259;0;0;0;0;0;5;0;0;0;0;0;0;0;0;0;0;0;0;0;0;7;0;0;0;0;0;0;0;0;1;0;0;0;0;0;0;0;0;0;0;19;0;110;0;0;0;163;0;0;0;0;32;0;0;0;0;0;0;0;12;0;106;0;0;0;0;0;0;984;0;0;0;0;0;0;0;0;0;3;48;0;1;0;0;0;0;0;0;3909;14;0;411;0;1;39;125;0;0;0;0;3;225;0;0;3;30;0;0;7;0;0;0;0;0;0;0;0;0;0;0;0;0;0;0;0;0;0;0;0;0;0;118;144;1;0;0;0;0;133;0;0;0;0;0;5;0;0;0;0;0;0;0;0;0;0;0;19;0;0;0;0;0;0;0;0;0;0;0;0;0;1116;0;0;0;19;0;0;102;0;0;0;0;225;0;0;861;0;0;1;0;0;7;0;0;203;0;0;0;0;0;0;0;0;14;0;60;0;0;0;0;0;0;417;0;0;0;0;217;0;0;0;0;0;7;0;58;0;0;0;0;5;0;0;44;0;0;0;0;0;54;0;0;0;0;3;0;0;3;1;0;2110;0;0;0;1;0;0;0;0;0;19;0;0;0;11;0;0;24;0;0;1;0;0;0;1;0;0;0;29;0;0;0;0;38;0;0;0;0;0;0;0;0;0;0;0;0;0;3;507;0;0;7;474;178;0;0;213;469;1;0;0;0;0;5;0;0;0;0;0;0;3;144;0;0;0;0;68;0;1;0;0;26;0;0;70;0;0;0;0;0;0;55;1;0;0;0;0;0;304;0;0;0;0;968;0;0;0;2;2145;0
DBZ3;0;75;0;0;0;0;0;0;0;0;1;0;0;0;0;0;1;0;33;0;0;0;0;0;0;0;0;0;0;0;0;0;0;0;0;0;0;1;0;0;99;6;0;0;24;1;70;0;0;0;6;19;0;0;0;0;0;0;0;0;3573;0;0;0;0;19;8532;0;5;0;12;0;0;0;3;0;0;0;53;0;0;0;0;0;0;0;10;0;0;0;269;0;0;0;0;0;0;0;0;0;0;0;0;0;0;0;0;0;0;0;0;26;0;0;0;0;4;0;0;0;0;0;0;0;0;0;0;0;0;0;8;0;0;128;0;0;0;198;0;0;0;0;53;0;0;0;0;0;0;0;0;0;100;0;0;0;0;0;1;771;0;0;0;0;0;0;0;0;0;22;104;0;0;0;0;0;0;0;0;3601;0;0;349;0;0;31;35;0;0;1;0;0;209;0;0;2;17;0;0;11;0;0;0;0;0;0;0;0;0;0;0;0;0;0;0;0;0;0;0;0;0;0;133;142;0;0;0;0;0;93;0;0;0;0;0;12;0;0;0;0;1;0;0;0;0;0;0;41;0;0;0;0;0;0;0;0;0;2;1;0;0;1077;0;0;0;14;0;0;69;0;0;0;0;394;0;0;736;0;0;7;0;0;3;0;0;217;0;0;0;0;0;1;0;0;1;0;69;0;0;0;0;0;0;395;0;0;0;0;202;0;0;0;0;0;4;0;43;0;0;0;0;19;1;0;26;0;0;0;0;0;42;0;1;0;0;2;0;0;0;0;0;2001;0;0;0;0;0;0;0;0;0;16;0;0;0;10;0;0;6;0;0;1;0;0;0;0;0;0;0;11;0;0;0;0;22;0;0;0;0;0;0;0;0;0;0;0;0;0;0;644;0;0;10;876;154;0;0;478;129;4;0;0;0;0;1;0;0;0;0;0;0;2;205;0;0;0;0;91;0;1;0;0;66;0;0;200;0;0;0;0;0;0;95;0;0;0;0;3;0;305;0;0;0;0;769;0;0;0;1;1768;0
DBZ4;1;33;0;0;0;0;1;0;0;0;1;0;0;0;0;0;3;0;0;0;0;0;0;0;0;0;0;0;0;1;0;0;0;0;0;0;0;0;0;0;3;1;0;1;458;1;4;0;0;0;0;2;0;0;44;0;0;0;0;0;183;0;0;0;0;12;1461;0;0;0;5;0;1;0;0;0;0;0;1;0;0;0;0;0;0;0;0;0;0;0;236;0;0;0;0;0;96;0;0;0;0;0;0;0;0;0;0;0;0;0;0;2;0;0;0;0;0;0;0;0;0;0;0;0;0;0;0;0;0;0;0;2;0;14;0;0;0;8;0;0;0;0;1;0;0;0;0;0;0;0;0;0;14;0;0;0;0;0;0;1906;0;0;0;0;0;0;0;0;0;0;1;0;0;0;0;0;0;0;0;881;55;0;12;0;0;178;20;0;0;0;0;3;4;0;0;7;1;0;0;0;0;0;13;0;0;0;0;0;0;0;0;0;0;0;0;0;0;0;0;0;0;0;74;563;0;0;0;0;0;8;0;0;0;0;0;1;0;0;0;0;0;0;0;0;0;0;0;0;0;0;0;0;0;0;0;0;0;0;0;0;0;37;0;0;0;30;0;0;1;0;0;0;0;2035;0;0;9;0;0;0;0;0;0;0;0;11;0;0;0;0;0;0;0;0;6;0;0;0;0;0;0;0;0;10;0;0;0;0;676;0;0;0;0;0;0;0;9;0;0;0;0;0;0;0;0;0;0;0;0;0;0;0;1;0;0;0;0;0;2;1;0;57;0;0;0;0;0;0;1;0;0;9;0;0;0;1;0;0;1;0;0;0;0;0;0;0;0;0;0;60;0;0;0;0;4;0;0;0;0;0;0;0;0;0;0;0;0;0;0;13;0;0;1019;63;38;1;0;7523;10394;0;0;0;0;0;0;0;0;0;0;0;0;0;10;0;0;0;0;31;0;0;0;0;2;0;0;3;0;0;0;0;0;0;0;0;0;0;0;0;0;6;0;0;0;0;465;0;0;0;125;1129;0
DBZ5;1;9;0;0;0;0;0;0;0;0;0;0;0;0;0;0;0;0;0;0;0;0;0;0;0;0;0;0;0;0;0;0;0;0;0;0;0;0;0;0;3;1;0;0;6492;2;8;0;0;0;0;7;0;0;54;0;0;0;0;0;426;0;0;0;0;18;1191;0;0;0;3;0;1;0;0;0;0;0;0;0;0;0;0;0;0;0;0;0;0;0;68;0;0;0;0;0;450;0;0;0;0;0;0;0;0;0;0;0;0;0;0;0;0;0;0;0;0;0;0;0;0;0;0;0;0;0;0;0;0;0;0;1;0;8;0;0;0;11;0;0;0;0;2;0;0;0;0;0;0;0;0;0;9;0;0;0;0;0;0;476;0;0;0;0;0;0;0;0;0;6;0;0;0;0;0;0;0;0;0;1022;0;0;4;0;1;162;197;0;0;0;0;8;1;0;0;284;0;0;0;0;0;0;80;0;0;4;0;0;0;0;0;0;0;0;0;0;0;0;0;0;0;0;103;191;0;0;0;0;0;3;0;0;0;0;1;2;0;0;0;0;0;0;0;0;0;0;0;0;0;1;0;0;0;0;0;0;0;0;0;0;0;42;0;0;0;37;0;0;29;0;0;0;0;2549;1;0;3;0;0;3;0;0;0;0;0;9;0;0;0;0;0;0;0;0;22;0;1;0;0;0;0;0;0;6;0;0;0;0;941;0;0;0;0;0;0;0;7;0;0;0;0;0;0;0;1;0;0;0;0;0;0;0;0;0;0;1;0;0;0;1;0;32;0;0;0;0;0;0;2;0;0;94;0;0;0;3;0;0;0;0;0;0;1;0;0;0;0;0;0;56;0;0;0;0;10;0;0;0;0;0;0;0;0;0;0;0;0;0;0;6;0;0;525;13;42;0;0;5539;7674;0;0;0;0;0;0;0;0;0;0;0;0;1;10;0;0;0;0;35;0;0;0;0;2;0;0;2;0;0;0;0;0;0;0;0;1;0;0;0;0;3;0;0;0;1;349;0;0;0;5;730;0
DBZ6;0;9;0;0;0;0;0;0;0;0;0;0;0;0;0;0;0;0;1;0;0;0;0;0;0;0;0;0;0;0;0;0;0;0;0;0;0;0;0;0;2;0;0;0;5054;4;13;0;0;0;0;1;0;0;36;0;0;0;0;0;315;0;0;0;0;23;926;0;0;0;6;0;1;0;0;0;0;0;1;0;0;0;0;0;0;0;0;0;0;0;85;0;0;0;0;0;241;0;0;0;0;0;0;0;0;0;0;0;0;0;0;3;0;0;0;0;0;0;0;0;0;0;0;0;0;0;0;0;0;0;0;0;0;17;0;0;0;7;0;0;0;0;0;0;0;0;0;0;0;0;0;0;1;0;0;0;0;0;0;609;0;0;0;0;0;0;0;0;0;3;2;0;0;0;0;0;0;0;0;1480;0;0;2;0;0;147;164;0;0;0;0;14;1;0;0;242;1;0;0;2;0;0;30;0;0;2;0;0;0;0;0;0;0;0;0;0;0;0;0;0;0;0;74;200;0;0;0;0;0;2;0;0;0;0;1;0;0;0;0;0;0;0;0;0;0;0;0;2;0;0;0;0;0;0;0;0;0;0;0;0;0;37;0;0;0;33;0;0;38;0;0;0;0;3284;0;0;8;0;0;5;0;0;0;0;0;6;0;0;0;0;0;0;0;0;30;0;0;0;0;0;0;0;0;5;0;0;0;0;682;0;0;0;0;0;0;0;3;0;0;0;0;0;0;0;0;0;0;0;0;0;0;0;0;0;0;3;0;0;1;1;0;31;0;0;0;0;0;0;0;0;0;70;0;0;0;0;0;0;1;0;0;0;1;0;0;0;0;0;0;58;0;0;0;0;5;0;0;0;0;0;0;0;0;0;0;0;0;0;0;8;0;0;477;17;29;0;0;8189;6296;0;0;0;0;0;2;0;0;0;0;0;0;0;9;0;0;0;0;15;0;0;0;0;2;0;0;1;0;0;0;0;0;0;1;0;0;0;0;0;0;6;0;0;0;1;322;0;0;0;2;697;0
LB1;2;0;0;0;0;0;3;0;0;0;16;0;0;0;0;0;8;0;0;0;0;0;0;0;0;0;0;0;0;0;0;0;0;0;0;0;0;0;3;0;3490;4;0;0;147;1;40;0;0;0;0;19;0;0;0;0;0;0;0;0;7;0;0;0;0;1;33;0;0;0;0;0;0;0;184;0;0;0;0;0;0;0;0;0;0;0;16;0;0;0;15;0;0;0;0;0;2;0;0;0;0;0;0;0;0;2;0;0;0;0;0;0;0;0;0;0;0;1;0;0;0;0;0;0;0;0;0;0;0;0;0;30;0;53;0;69;0;0;0;0;0;3;0;0;0;0;0;0;0;0;0;0;0;0;0;4;0;0;0;96;0;0;0;0;0;0;0;0;0;0;991;0;0;0;0;0;0;0;0;210;0;0;0;0;0;5;23;0;0;0;0;0;1;0;0;1;6;0;0;0;0;0;0;0;0;0;0;0;0;0;0;0;0;0;0;0;0;0;0;0;0;1;1;543;0;0;0;0;0;0;0;0;0;1;0;298;0;0;0;0;0;0;0;0;0;0;0;1;0;0;0;0;0;0;0;0;0;0;0;0;0;56;0;0;0;0;0;0;2;0;0;0;0;20;0;0;1;0;0;1;0;0;0;52;0;1;0;0;0;0;0;0;0;0;0;0;0;0;0;0;0;0;0;96;0;0;0;0;52;0;0;0;0;0;0;0;568;0;0;0;0;171;54;0;0;0;0;0;0;0;0;0;0;0;0;0;0;0;117;699;0;591;0;0;0;0;0;0;0;0;0;1;0;0;0;0;0;0;0;0;0;0;0;0;0;0;0;0;0;0;0;0;0;0;13;0;0;0;0;0;0;0;0;0;0;4;0;0;0;2;0;0;42;0;70;0;0;105;246;0;0;16;0;0;0;0;1;0;0;0;0;0;5062;0;0;0;0;0;0;2;0;0;7;0;0;0;0;0;0;0;0;0;0;0;0;0;0;158;0;286;0;0;0;0;310;0;0;0;0;14963;0
LB2;1;0;0;0;0;0;1;0;0;0;3;0;0;0;0;0;9;0;0;0;0;0;0;0;0;0;0;0;0;0;0;0;0;0;0;0;0;0;0;0;2856;2;0;0;71;4;41;0;0;0;0;3;0;0;0;0;21;0;0;0;128;0;0;0;0;39;29;0;0;0;141;0;24;0;209;0;0;0;0;0;0;0;0;0;0;0;0;0;0;0;15;0;0;0;0;0;0;0;0;0;0;0;0;0;0;0;0;0;0;0;0;0;0;0;0;0;0;1;0;0;0;0;0;0;0;0;0;0;0;1;0;35;0;389;0;198;0;1;0;0;0;0;0;0;0;0;0;0;0;0;22;0;0;0;0;0;0;0;0;2;0;0;0;0;0;0;0;0;0;0;734;0;0;0;0;0;0;0;0;162;0;0;0;0;0;4;0;0;0;0;0;0;0;0;0;0;5;0;0;0;0;0;0;0;0;0;1;209;0;0;0;0;0;0;0;0;0;0;0;0;0;0;0;956;0;0;0;0;0;0;0;0;0;0;0;161;0;0;0;0;0;0;0;0;0;0;0;0;0;0;0;0;0;0;0;0;0;0;0;0;0;63;0;0;0;0;0;0;6;0;0;0;0;332;0;0;0;0;0;171;0;0;0;0;0;1;0;0;0;0;0;0;0;0;0;0;0;0;0;0;0;0;0;84;0;0;0;0;1;0;0;0;0;0;0;0;537;0;0;0;0;59;108;0;0;0;0;0;0;0;0;0;1;0;0;0;0;0;109;707;0;506;0;0;0;2;1;0;0;0;0;150;0;0;0;0;0;0;1;0;0;0;0;0;0;0;0;0;0;1;0;0;0;0;13;0;0;0;0;0;0;0;0;0;0;6;0;0;0;0;0;0;1;4;7;0;2;254;50;0;0;39;0;0;0;0;0;0;0;0;0;0;7136;0;0;0;0;0;0;7;0;0;52;0;0;0;0;0;0;0;0;0;1;0;0;0;0;50;0;204;0;0;0;0;267;0;0;0;2;12687;0
LB3;1;0;0;0;0;0;1;0;0;0;169;0;0;0;0;0;3;0;0;0;0;0;0;0;0;0;0;0;0;0;0;0;0;0;0;0;0;0;0;0;3430;4;0;0;26;3;1;0;0;0;1;11;0;7;1;0;0;0;0;0;62;0;0;0;0;0;7;0;0;0;12;0;0;0;210;0;0;0;0;0;0;0;0;0;0;0;0;0;0;0;38;0;0;0;0;0;0;0;0;0;0;0;0;0;0;1;0;0;0;0;0;0;0;0;0;0;0;0;0;0;0;0;0;0;0;0;0;0;0;1;0;32;0;62;0;269;0;0;0;0;0;0;0;0;0;0;0;0;0;0;0;0;1;0;0;0;0;0;0;255;0;0;0;0;0;0;0;0;0;1;946;0;0;0;0;0;0;0;0;219;0;0;0;0;0;5;1;0;0;0;0;0;0;0;0;1;4;0;0;0;0;0;0;0;0;0;0;0;0;0;0;0;0;0;0;0;0;0;0;0;0;0;1;185;0;0;0;0;0;0;0;0;0;0;0;156;0;0;0;0;0;0;0;0;0;0;0;0;0;0;0;0;0;0;0;0;0;0;0;0;0;3;0;0;0;0;0;0;0;0;0;0;0;177;0;0;0;0;0;18;0;0;0;28;0;1;0;0;0;0;0;0;0;0;1;0;2;0;0;0;0;0;0;73;0;0;0;0;1;0;0;0;0;0;0;0;5924;0;0;0;0;104;150;0;37;0;0;0;0;0;0;0;0;0;0;0;0;0;65;349;0;658;0;0;0;0;0;0;0;0;0;1;0;0;0;1;0;0;3;0;0;0;0;0;0;0;0;0;0;0;0;0;0;0;17;0;0;0;0;0;0;0;0;0;0;0;0;0;0;0;0;0;0;4;3;0;1;26;25;0;0;7;0;0;0;0;2;0;0;0;0;0;6881;0;0;0;0;1;0;2;0;0;14;0;0;0;0;0;0;0;0;0;0;0;0;0;0;32;0;226;0;0;0;0;441;0;0;0;11;8684;0
LB4;0;0;0;0;0;0;0;0;0;0;1;0;0;0;0;0;0;0;0;0;0;0;0;0;0;0;0;0;0;0;0;0;0;0;0;0;0;0;0;0;228;83;0;21;7;0;11;0;0;0;0;174;0;0;0;0;0;0;0;0;27;0;0;0;0;9;16;0;0;0;8;0;0;0;23;0;0;0;5;0;0;0;0;0;0;0;0;0;0;0;143;0;0;0;0;0;0;0;0;0;0;0;0;0;0;0;0;0;0;0;0;0;0;0;0;0;0;0;0;0;1;0;0;0;0;0;0;0;0;0;0;2;0;24;0;110;0;4;0;0;0;0;1;0;0;0;0;0;0;0;0;0;3;0;0;16;0;0;0;6;0;0;0;0;0;0;0;0;0;1;291;0;0;0;0;0;0;0;0;13;0;0;0;0;0;1;0;0;0;0;0;0;0;0;0;0;0;0;0;0;0;0;0;0;0;0;0;0;0;0;0;0;0;0;0;0;0;0;0;0;0;1;1;32;0;0;0;0;0;0;0;0;0;0;0;114;0;0;0;0;0;0;0;0;0;0;0;1;0;0;0;0;0;0;0;0;0;0;0;0;0;3;0;0;0;0;0;0;1;0;0;0;0;3;0;0;1;0;0;1;0;0;0;0;0;0;0;0;0;0;0;0;0;0;4;0;1;0;0;0;0;0;0;2;0;0;0;0;4;0;0;0;0;0;0;0;24774;0;0;0;0;19;18;0;0;0;0;0;0;0;1;0;0;0;0;0;0;0;30;17;0;651;0;0;0;0;0;0;0;0;0;1;0;0;0;1;0;0;0;0;0;0;0;0;0;0;0;0;0;0;0;0;0;0;3;0;0;0;0;0;0;0;0;0;0;0;0;0;0;0;0;0;4;1;6;0;0;34;10;1;0;0;0;0;0;0;0;0;0;0;0;0;298;0;0;0;0;3;0;0;0;0;12;0;0;2;0;0;0;0;0;0;0;0;1;0;0;84;0;42;0;0;0;0;76;0;0;0;9;2604;0
LB5;1;0;0;0;0;0;0;0;0;0;5;0;0;0;0;0;1;0;1;0;0;0;0;0;0;0;0;0;0;0;0;0;0;0;0;0;0;0;0;0;211;91;0;0;0;2;11;0;0;0;0;288;0;0;0;0;0;0;0;0;33;0;0;0;0;1;8;0;0;0;1;0;0;0;43;0;0;0;0;0;0;0;0;0;0;0;2;0;0;0;173;0;0;0;0;0;0;0;0;0;0;0;0;0;0;0;0;0;0;0;0;0;0;0;0;0;0;0;0;0;2;0;0;0;0;0;0;0;0;0;0;0;0;13;0;54;0;2;0;0;0;0;0;0;0;0;0;0;0;0;0;0;0;0;0;22;0;0;0;11;0;0;0;0;0;0;0;0;0;1;198;0;0;0;0;0;0;0;0;12;0;0;0;0;0;2;0;0;0;0;0;0;0;0;0;0;0;0;0;0;0;0;0;0;0;0;0;1;0;0;0;0;0;0;0;0;0;0;0;1;0;1;2;10;0;0;0;0;0;0;0;0;0;0;0;168;0;0;0;0;0;0;0;0;0;0;0;1;0;0;0;0;0;0;0;0;0;0;0;0;0;3;0;0;0;0;0;0;2;0;0;0;0;19;0;0;0;0;0;0;0;0;0;0;0;1;0;0;0;0;0;0;0;0;0;0;1;0;0;0;0;0;0;11;0;0;0;0;0;0;0;0;0;0;0;0;24953;0;0;0;0;23;6;0;3;0;0;0;0;0;0;0;5;0;0;0;0;0;25;20;0;796;0;0;0;0;0;0;0;0;0;2;0;0;0;1;0;0;1;0;0;0;0;0;0;0;0;0;0;0;0;0;0;0;0;0;0;0;0;0;0;0;0;0;0;0;0;0;0;0;0;0;2;5;8;0;0;16;5;0;0;0;0;0;0;0;0;0;0;0;0;0;397;0;0;0;0;1;0;0;0;0;1;0;0;0;0;0;0;0;0;0;0;0;0;0;0;49;0;41;0;0;0;0;79;0;0;0;9;2242;0
LB6;1;0;0;0;0;0;0;0;0;0;4;0;0;0;0;0;0;0;0;0;0;0;0;0;0;0;0;0;0;0;0;0;0;0;0;0;0;0;0;0;382;199;0;21;0;0;6;0;0;0;0;60;0;0;0;0;0;0;0;0;42;0;0;0;0;2;8;0;0;0;0;0;0;0;75;0;0;0;0;0;0;0;0;0;0;0;0;0;0;0;354;0;0;0;0;0;0;0;0;0;0;0;0;0;0;0;0;0;0;0;0;0;0;0;0;0;1;0;0;0;0;0;0;0;0;0;0;0;0;0;0;0;0;3;0;27;0;0;0;0;0;0;0;0;0;0;0;0;0;0;0;0;0;0;0;57;0;0;0;7;0;0;0;0;0;0;0;0;0;2;78;0;0;0;0;0;0;0;0;13;0;0;0;0;0;2;0;0;0;0;0;0;1;0;0;0;0;0;0;0;0;0;0;0;0;0;0;0;0;0;0;0;0;0;0;0;0;0;0;0;0;0;0;28;0;0;0;0;0;0;0;0;0;0;0;247;0;0;0;0;0;0;0;0;0;0;0;1;0;0;0;0;0;0;0;0;0;0;0;0;0;6;0;0;0;0;0;0;3;0;0;0;0;9;0;0;2;0;0;2;0;0;0;6;0;4;0;0;0;0;0;0;0;0;0;0;0;0;0;0;0;0;0;10;0;0;0;0;2;0;0;0;0;0;0;0;23495;0;0;0;0;15;17;0;0;0;0;0;0;0;1;0;0;0;0;0;0;0;49;120;0;904;0;0;0;0;0;1;0;0;0;1;0;0;0;0;0;0;0;0;0;0;0;0;0;0;0;0;0;0;0;0;0;0;0;0;0;0;0;0;0;0;0;0;0;0;0;0;0;1;0;0;1;5;16;0;0;9;16;0;0;2;0;0;0;0;0;0;0;0;0;1;496;0;0;0;0;11;0;0;0;0;7;0;0;1;0;0;0;0;0;0;0;0;0;0;0;53;0;29;0;0;0;0;206;0;0;0;6;2972;0
LG1;1;0;0;0;0;0;0;0;0;0;1;0;0;0;1;0;6;0;4;0;0;0;0;0;0;0;0;0;0;0;0;0;0;0;1;0;0;0;0;0;20;13;0;3;12;0;277;0;0;0;33;3;0;0;0;0;0;0;0;0;2140;0;0;0;0;84;2341;0;10;0;13;0;7;0;3;0;0;1;27;0;0;0;0;0;0;0;10;0;0;0;504;0;0;0;0;0;1;0;0;0;0;0;0;0;0;0;0;30;0;2;0;37;0;0;0;0;10;0;0;0;1;3;0;0;0;0;0;0;0;1;37;44;0;182;0;0;0;220;0;0;0;0;16;0;0;0;0;0;0;0;0;0;84;0;0;0;0;0;0;1561;0;0;0;0;0;0;0;0;0;94;65;0;0;0;0;0;0;0;0;5328;0;0;38;0;1;151;46;0;0;2;0;4;86;0;0;0;2;0;0;6;0;0;2;0;0;5;2;0;0;0;0;1;0;0;0;0;0;0;0;0;0;0;245;371;0;0;0;0;0;5;0;0;0;1;0;0;0;0;0;0;1;0;0;0;0;0;0;139;0;0;0;0;0;0;0;0;0;1;0;0;0;1776;0;0;0;20;0;0;60;0;0;0;0;1925;1;0;3;0;0;0;0;0;0;0;0;647;0;0;0;0;0;0;0;0;6;0;268;0;0;0;0;0;0;165;0;0;0;0;36;0;0;0;0;0;12;0;10;0;0;0;0;0;30;0;1;0;0;0;0;0;21;0;0;0;0;0;0;0;0;0;0;570;0;0;0;1;0;0;2;0;0;54;0;1;0;32;0;0;7;0;0;0;1;0;0;16;0;0;0;134;0;0;0;0;11;0;0;0;0;0;0;0;0;0;0;0;0;0;6;25;0;0;25;2670;493;0;0;1684;48;7;0;34;0;0;21;0;0;0;0;0;0;36;1;0;0;0;0;466;0;1;0;0;446;0;0;116;0;0;0;0;0;0;0;0;2;0;0;1;0;96;0;0;0;0;356;0;0;0;24;3392;0
LG2;4;0;0;0;0;0;0;0;0;0;2;0;0;0;0;0;3;0;0;0;0;0;0;0;0;0;0;0;0;0;0;0;0;0;0;0;0;3;0;0;5;1;0;0;141;1;42;0;0;0;22;4;0;0;0;0;0;0;0;1;1138;0;0;0;0;231;1454;6;7;0;161;0;9;0;0;0;0;0;1149;0;0;0;0;0;0;0;101;0;0;0;875;0;0;0;0;0;11;0;0;0;0;0;1;0;0;0;0;4;0;4;0;3;0;0;0;0;7;0;0;0;2;0;0;0;0;0;0;0;4;0;50;6;0;335;0;0;0;33;0;0;0;0;100;0;0;0;0;0;0;0;0;0;42;0;0;0;0;0;0;58;0;0;0;0;0;0;0;0;0;187;7;0;0;0;0;0;1;0;0;2640;0;0;1;0;9;17;68;0;0;1;0;13;13;0;0;51;1;0;0;3;0;0;1;0;0;1;18;0;0;0;0;0;0;0;0;0;0;0;0;0;0;0;249;178;0;0;0;0;0;4;0;0;0;0;0;1;0;0;0;0;9;0;0;0;0;0;0;1423;0;2;0;0;0;0;0;0;0;2;1;0;0;2261;0;0;0;116;0;0;35;0;0;0;0;128;0;0;3;0;0;4;0;1;0;0;0;1102;0;0;0;0;0;0;0;0;64;0;86;0;0;0;0;0;0;151;0;0;0;0;6;0;0;0;0;0;6;0;17;0;0;0;0;0;9;0;1;0;0;1;0;0;40;0;1;0;0;3;0;0;0;0;0;144;0;0;0;0;0;0;18;0;0;141;0;0;0;10;0;0;2;0;0;0;2;0;0;8;0;0;0;174;0;0;0;0;12;0;0;0;0;0;0;0;0;0;0;0;0;0;0;6;0;0;161;1508;2740;0;0;1942;645;77;0;1;0;0;115;0;0;0;0;0;0;26;6;0;0;0;8;865;0;1;0;0;199;0;0;177;0;0;0;0;0;0;0;1;1;0;0;0;0;279;0;0;0;0;676;0;0;0;73;5126;0
LG3;2;0;0;0;0;0;2;0;0;1;5;0;0;0;0;0;29;0;0;0;0;0;0;0;0;0;0;0;0;0;0;0;0;0;0;0;0;0;0;0;2;18;0;2;25;0;1001;0;0;0;15;1;0;0;0;0;0;0;0;0;1567;0;0;0;0;81;2195;0;9;0;4;0;3;0;0;0;0;1;11;0;0;0;0;1;0;0;2;0;0;0;379;0;0;0;0;0;3;0;0;0;0;0;0;0;0;0;0;40;0;3;0;15;0;0;0;0;10;0;0;0;0;4;0;0;0;0;0;0;0;1;28;23;0;91;0;0;0;160;0;0;0;0;28;0;0;0;0;0;0;0;0;0;67;0;0;0;0;0;0;2223;0;0;0;0;0;0;0;0;1;73;26;3;1;0;0;0;0;0;0;5784;0;0;25;0;12;225;64;0;0;4;1;6;51;0;0;2;0;0;0;7;0;0;2;0;0;9;0;0;0;0;0;0;0;0;0;0;0;0;0;0;0;0;151;473;0;0;0;0;0;1;0;0;0;1;0;0;0;0;0;0;6;0;0;0;0;0;0;648;0;0;0;0;0;0;0;0;0;1;0;0;0;1699;0;0;0;22;0;0;76;0;0;0;0;587;0;0;12;0;0;1;0;0;0;0;0;609;0;0;0;0;0;0;0;0;14;0;152;0;0;0;0;0;0;190;0;0;0;0;15;0;0;0;0;0;11;0;14;0;0;0;0;0;12;0;11;0;0;0;0;0;31;0;0;0;0;1;0;0;1;0;0;384;0;0;0;0;0;0;3;0;0;70;0;2;0;42;0;0;20;0;0;1;1;0;0;19;0;0;0;148;0;0;0;0;16;0;0;0;0;0;0;0;0;0;0;0;0;0;6;14;0;0;29;1820;650;0;0;1463;62;8;0;2;0;0;14;0;0;0;0;0;0;42;2;0;0;0;0;313;0;1;0;0;545;0;0;101;0;0;0;0;0;0;1;0;0;0;0;4;0;128;0;0;0;0;383;0;0;0;17;4702;0
LG4;0;0;0;0;0;0;0;0;0;0;0;1;0;0;0;0;7;0;0;0;0;0;0;0;0;0;0;0;0;0;0;0;0;0;0;0;0;0;0;0;3;1;0;0;207;1;220;0;0;0;20;2;0;0;0;0;0;0;0;0;668;0;0;0;0;366;1260;0;0;0;49;0;88;0;1;0;0;0;1166;0;0;0;0;0;0;0;176;0;0;0;587;0;0;0;0;0;11;0;0;0;0;0;0;0;0;0;0;0;0;25;0;5;0;0;0;0;1;0;0;0;3;1;0;2;0;0;0;0;3;0;68;6;0;348;0;0;0;16;0;0;0;0;22;0;0;0;0;0;0;0;2;0;65;0;0;0;0;0;0;148;0;0;0;0;0;0;0;0;0;82;9;0;0;0;0;0;0;0;0;1055;0;0;6;0;8;103;174;0;0;0;0;17;7;0;0;58;1;0;0;1;0;0;23;0;0;12;5;0;0;0;0;0;0;0;0;0;0;0;0;0;0;0;320;1116;0;0;0;0;0;3;0;0;0;0;0;0;0;0;0;0;2;0;0;0;0;0;0;850;0;7;0;0;0;0;0;0;0;0;0;0;0;686;0;0;0;41;0;0;208;0;0;0;0;252;0;0;1;0;0;2;0;0;0;1;0;288;0;0;0;0;0;0;0;0;61;0;64;0;0;0;2;0;0;65;0;0;0;0;9;0;0;0;0;0;1;0;6;0;0;0;0;1;12;0;1;0;0;3;0;0;19;0;0;0;0;0;0;0;0;1;0;96;0;0;0;0;0;19;28;0;0;153;0;1;0;6;0;0;2;0;0;0;0;0;0;1;0;0;0;167;0;0;0;0;5;0;0;0;0;0;0;0;0;0;0;0;0;0;0;4;0;0;227;1517;388;0;0;3015;273;116;0;1;0;0;18;0;0;0;0;0;0;5;5;0;0;0;0;251;0;0;0;0;1500;0;0;4467;0;0;0;0;0;0;0;0;0;0;0;0;0;130;0;0;0;0;250;0;0;0;72;6251;0
LG5;2;0;0;0;0;0;0;0;0;2;4;0;0;0;0;0;8;0;3;0;0;0;0;0;0;0;0;0;0;0;0;0;0;0;3;0;0;0;0;0;8;24;0;0;24;0;594;0;0;0;11;2;0;0;0;0;0;0;0;0;2475;0;0;0;0;59;2601;0;10;0;5;0;5;0;0;0;0;1;46;0;0;0;0;1;0;0;13;0;0;0;355;0;0;0;0;0;1;0;0;0;0;0;0;0;0;0;0;34;0;0;0;16;0;0;0;0;21;0;0;0;0;0;0;0;0;0;0;0;4;0;32;16;0;173;0;0;0;207;0;0;0;0;12;0;0;0;0;0;0;0;0;0;61;0;0;0;0;0;1;1470;0;0;0;0;0;0;0;0;0;110;39;0;0;0;0;0;0;0;0;4581;7;0;32;0;7;96;44;0;0;1;0;0;65;0;0;11;0;0;0;2;0;0;0;0;0;5;1;0;0;0;0;0;0;0;0;0;0;0;0;0;0;0;184;627;0;0;0;0;0;1;0;0;0;0;0;1;0;0;0;0;4;0;0;0;0;0;0;341;0;0;0;0;0;0;0;0;0;0;0;0;0;2509;0;0;0;9;0;0;125;0;0;0;0;1286;0;0;9;0;0;0;0;0;0;0;0;861;0;0;0;0;0;0;0;0;13;0;256;0;0;0;0;0;0;168;0;0;0;0;8;0;0;0;0;0;7;0;11;0;0;0;0;0;22;0;2;0;0;0;0;0;17;0;1;0;0;1;0;0;0;1;0;707;0;0;0;0;0;0;4;0;0;65;0;0;0;44;0;0;56;0;0;1;2;0;0;5;0;0;0;119;0;0;0;0;3;0;0;0;0;0;0;0;0;0;0;0;0;0;5;21;0;0;35;2461;765;0;0;561;86;9;0;5;0;0;12;0;0;0;0;0;0;50;3;0;0;0;0;232;0;0;0;0;554;0;0;152;0;0;0;0;0;0;0;0;0;0;0;0;0;102;0;0;0;0;517;0;0;0;15;3740;0
LG6;1;0;0;0;0;0;0;0;0;0;1;0;0;0;0;0;3;0;0;0;0;0;0;0;0;0;0;0;0;0;0;0;0;0;0;0;0;1;0;0;7;2;0;1;238;1;83;0;0;0;24;3;0;0;0;0;0;0;0;1;1207;0;0;0;0;242;1198;3;2;0;142;0;21;0;0;0;0;0;1164;0;0;0;0;0;0;0;236;0;0;0;1050;0;0;0;0;0;15;0;0;0;0;0;1;0;0;0;0;0;0;12;0;5;0;0;0;0;5;0;0;0;2;3;0;0;0;0;0;0;1;0;29;3;0;564;0;0;0;26;0;0;0;0;66;0;0;0;0;0;0;0;0;0;40;0;0;0;0;0;0;62;0;0;0;0;0;0;0;0;0;187;14;0;0;0;0;0;0;0;0;2433;0;0;0;0;21;31;157;0;0;0;1;24;19;0;0;81;1;0;0;1;0;0;4;0;0;2;23;0;0;0;0;0;0;0;0;0;0;0;0;0;0;0;206;244;0;0;0;0;0;5;0;0;0;0;0;0;0;0;0;0;6;0;0;0;0;0;0;1331;0;0;0;0;0;0;0;0;0;2;2;0;0;1613;0;0;0;96;0;0;41;0;0;0;2;299;0;0;0;0;0;17;0;0;0;0;0;769;0;0;0;0;0;0;0;0;68;0;55;0;0;0;0;0;0;109;0;0;0;0;3;0;0;0;0;0;5;0;11;0;0;0;0;0;6;0;2;0;0;0;0;0;28;0;2;0;0;2;0;0;0;2;0;109;0;0;0;0;0;0;11;0;0;245;0;1;0;5;0;0;1;0;0;0;0;0;0;11;0;0;0;260;0;0;0;0;12;0;0;0;0;0;0;0;0;0;0;0;0;0;1;13;0;0;252;1528;1370;0;0;2930;853;120;0;1;0;0;97;0;0;0;0;0;0;24;5;0;0;0;4;628;0;0;0;0;437;0;0;358;0;0;0;0;0;0;0;0;0;0;0;1;0;307;0;0;0;0;794;0;0;0;107;5225;0
TL1;980;0;0;0;0;0;1;0;0;1;1081;1;0;0;0;0;2;0;37;0;0;0;0;0;0;0;0;0;0;2;0;0;0;0;1;0;0;0;0;0;0;0;0;3;30;0;1956;0;0;0;3;0;0;0;0;0;0;0;0;0;193;0;0;0;0;127;973;2;1;0;2;0;1;0;0;0;0;0;7;0;0;0;0;0;0;0;0;0;0;0;362;0;0;0;0;0;0;0;0;0;0;0;0;0;0;0;0;0;0;0;0;9;0;0;0;0;64;0;0;0;0;0;0;0;0;0;4;0;0;0;0;31;0;15;0;0;0;189;0;0;0;0;48;0;0;0;0;0;0;0;0;0;71;0;0;0;0;0;0;2421;0;0;0;0;0;0;0;0;0;146;60;8;0;0;0;0;0;0;0;3193;28;0;33;0;1;200;0;0;0;0;0;22;0;0;0;0;0;0;0;0;0;0;0;0;0;0;0;0;0;0;0;0;0;0;0;0;0;0;0;0;0;1;418;4267;0;0;0;0;0;0;0;0;0;0;0;1;0;0;0;0;0;0;0;0;0;0;0;4;0;0;0;0;0;0;0;0;0;0;0;0;0;3064;0;0;1;2;0;0;109;0;0;0;0;12;0;0;18;0;0;2;0;0;0;2;0;721;0;0;0;0;0;0;0;0;0;0;1;0;0;0;0;0;0;320;0;0;0;0;1;0;0;0;0;0;0;0;14;0;0;0;0;0;8;0;0;0;0;0;0;0;133;0;0;0;0;0;0;0;0;1;0;3;0;0;0;0;0;0;3;0;0;3;0;11;0;727;0;0;30;0;0;0;1;0;0;3;0;0;0;0;0;0;0;0;4;0;0;0;0;0;0;0;0;0;0;0;0;0;2;2;0;0;8;600;2217;0;0;222;6;0;0;1;0;0;18;0;0;0;0;0;0;49;7;0;0;0;0;23;0;4;0;0;396;0;0;33;0;0;0;0;0;0;0;0;0;0;0;0;0;418;0;0;0;0;688;0;0;0;1;3211;0
TL2;748;0;0;0;0;0;1;0;0;0;944;3;0;0;0;0;10;0;19;0;0;0;0;0;0;0;0;0;0;0;0;0;0;0;0;0;0;0;0;0;5;0;0;1;16;0;2415;0;0;0;8;0;0;0;0;0;0;0;0;0;264;0;0;0;0;77;1058;2;2;0;83;0;2;0;0;0;0;1;1;0;0;0;0;0;0;1;1;0;0;0;209;0;0;0;0;0;2;0;0;0;0;2;0;0;0;0;0;0;0;0;0;0;0;0;0;0;53;0;0;0;0;0;0;0;0;0;3;0;0;0;0;69;0;83;0;0;0;252;0;0;0;0;44;0;0;0;0;0;0;0;1;0;94;0;0;0;0;0;0;2023;0;0;0;0;1;0;0;0;0;56;35;11;1;0;0;0;0;0;0;3245;17;0;0;0;5;228;0;0;0;0;1;17;0;0;0;1;0;0;0;0;0;0;0;0;0;0;0;8;0;0;0;0;0;0;0;0;0;0;0;0;0;0;431;4118;0;0;0;0;0;0;0;0;0;0;0;2;0;0;0;0;0;0;0;0;0;0;0;12;0;0;0;0;0;0;0;0;0;0;2;0;0;2640;0;0;0;4;0;0;174;0;0;0;0;1;0;0;0;0;0;73;0;0;0;0;0;431;0;0;0;0;0;1;0;0;0;0;0;0;0;0;0;0;0;203;0;0;0;0;3;0;0;0;0;0;0;0;13;0;0;0;0;0;0;0;0;0;0;0;0;0;109;0;0;0;0;1;0;0;0;0;0;3;0;0;0;1;0;0;1;0;0;80;0;8;0;805;0;0;75;0;0;0;1;0;0;3;0;0;0;0;0;0;0;0;7;0;0;0;0;0;0;0;0;0;0;0;0;0;1;0;0;0;7;1063;2621;0;0;350;19;2;0;0;0;0;10;0;0;0;0;0;0;45;8;0;0;0;1;18;0;8;0;0;415;0;0;12;0;0;0;0;0;0;0;0;0;0;0;0;0;429;0;0;0;0;499;0;0;0;4;3263;0
TL3;757;0;0;0;0;0;2;0;0;1;884;0;0;0;0;0;9;0;12;0;0;0;0;0;0;0;0;0;0;0;0;0;0;0;0;0;0;0;1;0;1;0;0;4;10;0;2533;0;0;0;10;1;0;0;0;0;0;0;0;0;272;0;0;0;0;57;1087;2;2;0;74;0;4;0;0;0;0;2;3;0;0;0;0;0;0;0;0;0;0;0;210;0;0;0;2;0;0;0;0;0;0;0;0;0;0;0;0;0;0;0;0;0;0;0;0;0;72;0;0;0;0;0;0;0;0;0;3;0;0;0;0;88;0;74;0;0;0;270;0;0;0;0;44;0;0;0;0;0;0;0;0;0;97;0;0;0;0;0;0;2102;0;0;0;0;0;0;0;0;0;55;29;3;3;0;0;0;0;0;0;3278;19;0;0;0;3;220;0;0;0;0;0;16;0;0;0;3;0;0;0;2;0;0;0;0;0;0;0;2;0;0;0;0;0;0;0;0;0;0;0;0;0;0;420;4226;0;0;0;0;0;0;0;0;0;0;0;0;0;0;0;0;0;0;0;0;0;0;0;4;0;0;0;0;0;0;0;0;0;0;2;0;0;2621;0;0;0;1;0;0;163;0;0;0;0;4;1;0;0;0;0;59;0;0;0;0;0;462;0;0;0;0;0;0;0;0;0;0;0;0;0;0;0;0;0;173;0;0;0;0;3;0;0;0;0;0;0;0;13;0;0;0;0;0;0;0;0;0;0;0;0;0;123;0;1;0;0;0;0;0;0;0;0;5;0;0;0;0;0;0;0;0;0;82;0;9;0;768;0;0;76;0;0;0;1;0;0;6;0;0;0;0;0;0;0;0;2;0;0;0;0;0;0;0;0;0;0;0;0;0;4;0;0;0;3;1077;2577;0;0;247;12;5;0;0;0;0;13;0;0;0;0;0;0;42;4;0;0;0;0;22;0;3;0;0;390;0;0;10;0;0;0;0;0;0;0;0;0;0;0;0;0;435;0;0;0;0;488;0;0;0;6;3214;0
TL4;76;0;0;0;0;0;1;0;0;4;8;0;0;0;0;0;216;0;0;0;0;0;0;0;0;0;0;0;0;3;0;0;0;0;0;0;0;0;0;0;0;0;0;0;226;0;3048;0;0;0;2;0;0;0;0;0;0;0;0;0;28;0;0;0;0;1093;245;0;0;0;1260;0;82;0;0;0;0;8;0;0;0;0;0;0;0;12;74;0;0;0;74;0;0;0;0;0;8;0;0;0;0;0;0;0;0;0;0;1;0;4;0;0;0;0;0;0;3;0;0;0;0;0;0;0;0;0;0;0;0;7;5;4;0;3;0;0;0;4;0;0;0;0;2;0;0;0;0;0;0;0;0;0;73;0;0;0;0;0;0;269;0;0;0;0;4;0;0;0;0;53;1;0;1;0;0;0;0;0;0;26;2;0;1;0;1;660;42;0;0;0;0;0;0;0;0;84;10;0;0;3;0;0;1;0;0;29;0;0;0;0;0;0;0;0;0;0;0;0;0;0;0;0;70;6515;0;0;0;0;0;0;0;0;0;1;0;1;0;0;0;0;0;0;0;0;0;0;0;1;0;1;0;0;1;0;0;0;0;0;1;0;0;155;0;0;0;19;0;0;4;0;0;0;0;3;0;0;1;0;0;1338;0;0;0;0;0;74;0;0;0;0;0;0;0;0;78;0;1;0;0;0;0;0;0;8;0;0;0;2;1;0;0;0;0;0;0;0;10;0;0;0;0;0;0;0;0;0;0;0;0;0;19;0;0;0;0;0;0;0;0;0;0;3;0;0;0;0;0;0;20;0;0;900;0;0;0;11;0;0;0;0;0;0;0;0;0;1;0;0;0;0;0;0;0;0;0;0;0;0;0;0;0;0;0;0;0;0;0;0;7;0;0;0;179;203;132;0;0;2604;286;41;0;0;0;0;4;0;0;0;0;0;0;0;4;0;0;1;0;6;0;0;0;0;914;0;0;109;0;0;0;0;0;0;0;0;0;0;0;0;0;41;0;0;0;0;60;0;0;0;25;8484;0
TL5;74;0;0;0;0;0;0;0;0;5;4;0;0;0;0;0;187;0;0;0;0;0;0;0;0;0;0;0;0;6;0;0;0;0;0;0;0;0;0;0;0;0;0;1;231;0;4034;0;0;0;2;0;0;0;1;0;0;0;0;0;31;0;0;0;0;902;208;0;0;0;938;0;56;0;0;0;0;12;0;0;0;0;0;0;0;9;65;0;0;0;53;0;0;0;0;0;4;0;0;0;0;0;0;0;0;0;0;2;0;2;0;0;0;0;0;0;4;0;0;0;0;0;0;0;0;0;0;0;0;7;1;1;0;2;0;1;0;3;0;0;0;0;3;0;0;0;0;0;0;0;0;0;69;0;0;0;0;0;0;235;0;0;0;0;1;0;0;0;0;52;4;0;1;0;0;0;0;0;0;12;1;0;1;0;5;586;42;0;0;0;0;0;0;0;0;58;17;0;0;1;0;0;1;0;0;9;0;0;0;0;0;0;0;0;0;0;0;0;0;0;0;0;84;6238;0;0;0;0;0;0;0;0;0;0;0;0;0;0;0;0;0;0;0;0;0;0;0;1;0;1;0;0;0;0;0;0;0;0;1;0;0;89;0;0;0;15;0;0;3;0;0;0;0;4;0;0;0;0;0;961;0;0;0;0;0;58;0;0;0;0;0;0;0;0;54;0;0;0;0;0;0;0;0;9;0;0;0;0;1;0;0;0;0;0;0;0;9;0;0;0;0;0;0;0;0;0;0;0;0;0;14;0;0;0;0;0;0;0;0;0;0;5;0;0;0;0;0;0;5;0;0;940;0;0;0;5;0;0;0;0;0;0;0;0;0;0;0;0;0;0;0;0;0;0;0;0;0;0;0;0;0;0;0;0;0;0;0;0;7;0;0;0;142;240;97;0;0;3065;219;25;0;0;0;0;0;0;0;0;0;0;0;0;2;0;0;0;0;5;0;0;0;0;726;0;0;109;0;0;0;0;0;0;0;0;0;0;0;0;0;36;0;0;0;0;64;0;0;0;29;8893;0
TL6;76;0;0;0;0;0;0;0;0;2;6;0;0;0;0;0;232;0;0;0;0;0;0;0;0;0;0;0;0;3;0;0;0;0;0;0;0;0;0;0;1;0;0;1;199;0;3408;0;0;0;1;0;0;0;0;0;0;0;0;0;17;0;0;0;0;986;310;0;0;0;1115;0;77;0;0;0;0;9;1;0;0;0;0;0;0;13;96;0;0;0;58;0;0;0;0;0;5;0;0;0;0;0;0;0;0;0;0;2;0;6;0;0;0;0;0;0;1;0;0;0;0;0;0;0;0;0;0;0;0;10;1;3;0;1;0;0;0;5;0;0;0;0;4;0;0;0;0;0;0;0;0;0;125;0;0;0;0;0;0;287;0;0;0;0;0;0;0;0;0;46;3;0;4;0;0;0;0;0;0;23;2;0;0;0;5;594;33;0;0;0;0;0;0;0;0;93;10;0;0;2;0;0;3;0;0;21;0;0;0;0;0;0;0;0;0;0;0;0;0;0;0;0;88;6036;0;0;0;0;0;0;0;0;0;0;0;0;0;0;0;0;0;0;0;0;0;0;0;2;0;1;0;0;0;0;0;0;0;0;0;0;0;126;0;0;0;8;0;0;2;0;0;0;0;3;0;0;1;0;0;1362;0;0;0;0;0;46;0;0;0;0;0;0;0;0;62;0;1;0;0;0;0;0;0;8;0;0;0;0;0;0;0;0;0;0;0;0;7;0;0;0;0;0;0;0;0;0;0;0;0;0;21;0;0;0;0;0;0;0;0;0;0;1;0;0;0;0;0;0;9;0;0;933;0;0;0;8;0;0;1;0;0;0;0;0;0;1;0;0;0;0;0;0;0;0;0;0;0;0;0;0;0;0;0;0;0;0;0;0;2;0;0;0;151;238;102;1;0;2598;282;32;0;0;0;0;2;0;0;0;0;0;0;1;7;0;0;4;0;5;0;0;0;0;804;0;0;87;0;0;0;0;0;0;0;0;0;0;0;0;0;44;0;0;0;0;53;0;0;0;20;9040;0
